<?xml version="1.0" encoding="UTF-8"?>
<!DOCTYPE paises [
    <!ELEMENT paises (pais*)>
    <!ELEMENT pais (nombre, unionEuropea?, otan?)>
    <!ELEMENT nombre (#PCDATA)>
    <!ELEMENT unionEuropea (#PCDATA)>
    <!ELEMENT otan (#PCDATA)>
]>
<paises>
    <pais>
        <nombre>España</nombre>
        <unionEuropea>Sí</unionEuropea>
        <otan>Sí</otan>
    </pais>
    <pais>
        <nombre>Noruega</nombre>
        <otan>Sí</otan>
    </pais>
    <pais>
        <nombre>Austria</nombre>
        <unionEuropea>Sí</unionEuropea>
    </pais>
</paises>